alex.wu <alex.wu@zoom.com>
allan.zhang <allan.zhang@zoom.com>
andy.lopez <andy.lopez@zoom.com>
benjamin.huang <benjamin.huang@zoom.com>
bryan.wang <bryan.wang@zoom.com>
calvin.chen <calvin.chen@zoom.com>
chao.zhao <chao.zhao@zoom.com>
chi.zhang <chi.zhang@zoom.com>
coster.liu <coster.liu@zoom.com>
david.xiao <david.xiao@zoom.com>
debbie.zhang <debbie.zhang@zoom.com>
eileen.li <eileen.li@zoom.com>
george.saad <george.saad@zoom.com>
gisel.calvo <gisel.calvo@zoom.com>
guts.zhu <guts.zhu@zoom.com>
haley.wang <haley.wang@zoom.com>
hangkin.lau <hangkin.lau@zoom.com>
hawk.chen <hawk.chen@zoom.com>
heng.li <heng.li@zoom.com>
jalen.ng <jalen.ng@zoom.com>
james.koo <james.koo@zoom.com>
jed.lu <jed.lu@zoom.com>
jeff.miao <jeff.miao@zoom.com>
jeff.zhao <jeff.zhao@zoom.com>
jian.fang <jian.fang@zoom.com>
jiancheng.cai <jiancheng.cai@zoom.com>
john.cheng <john.cheng@zoom.com>
jun.wang <jun.wang@zoom.com>
kidd.wang <kidd.wang@zoom.com>
kieran.li <kieran.li@zoom.com>
kingsley.chen <kingsley.chen@zoom.com>
lange.song <lange.song@zoom.com>
lightman.xu <lightman.xu@zoom.com>
lionel.chen <lionel.chen@zoom.com>
long.jiao <long.jiao@zoom.com>
magnus.bai <magnus.bai@zoom.com>
maverick.chen <maverick.chen@zoom.com>
min.li <min.li@zoom.com>
mingde.chen <mingde.chen@zoom.com>
miracle.liu <miracle.liu@zoom.com>
mitchell.wong <mitchell.wong@zoom.com>
perfect.wang <perfect.wang@zoom.com>
raymond.zhang <raymond.zhang@zoom.com>
ricardo.wu <ricardo.wu@zoom.com>
ricky.wang <ricky.wang@zoom.com>
rolf.tan <rolf.tan@zoom.com>
shawn.pollock <shawn.pollock@zoom.com>
shawnhoo.shu <shawnhoo.shu@zoom.com>
shuaiyu.jin <shuaiyu.jin@zoom.com>
steven.y <steven.y@zoom.com>
suyang.fu <suyang.fu@zoom.com>
taeyoung.kim <taeyoung.kim@zoom.com>
tao.zou <tao.zou@zoom.com>
ted.kahl <ted.kahl@zoom.com>
terrance.he <terrance.he@zoom.com>
wenqiang.wu <wenqiang.wu@zoom.com>
xiaoliang.song <xiaoliang.song@zoom.com>
xin.tan <xin.tan@zoom.com>
yichao.wang <yichao.wang@zoom.com>
zack.zhou <zack.zhou@zoom.com>
zhihui.shu <zhihui.shu@zoom.com>
zitao.qiu <zitao.qiu@zoom.com>
ziwei.fang <ziwei.fang@zoom.com>
alex.wu <alex.wu@zoom.com>
andy.lopez <andy.lopez@zoom.com>
benjamin.huang <benjamin.huang@zoom.com>
bryan.wang <bryan.wang@zoom.com>
calvin.chen <calvin.chen@zoom.com>
chao.zhao <chao.zhao@zoom.com>
chi.zhang <chi.zhang@zoom.com>